z,mu,mu_err
0.50309	,42.23445,0.12605
0.49480,42.18020,0.11765
0.05,36.8,0.15
0.1,38.9,0.17
0.2,40.8,0.18
0.3,42.0,0.18
0.4,42.8,0.19
0.6,44.0,0.20
0.8,45.0,0.22
1.0,45.8,0.25
